Question Type,LOC (in each question post),Type
code blocks w/o stack trace,8,Question Type
code blocks w/o stack trace,33,Question Type
code blocks w/o stack trace,7,Question Type
code blocks w/o stack trace,5,Question Type
code blocks w/o stack trace,2,Question Type
code blocks w/o stack trace,27,Question Type
code blocks w/o stack trace,3,Question Type
code blocks w/o stack trace,16,Question Type
code blocks w/o stack trace,25,Question Type
code blocks w/o stack trace,28,Question Type
code blocks w/o stack trace,12,Question Type
code blocks w/o stack trace,12,Question Type
code blocks w/o stack trace,7,Question Type
code blocks w/o stack trace,21,Question Type
code blocks w/o stack trace,11,Question Type
code blocks w/o stack trace,27,Question Type
code blocks w/o stack trace,31,Question Type
code blocks w/o stack trace,15,Question Type
code blocks w/o stack trace,68,Question Type
code blocks w/o stack trace,6,Question Type
code blocks w/o stack trace,7,Question Type
code blocks w/o stack trace,4,Question Type
code blocks w/o stack trace,13,Question Type
code blocks w/o stack trace,40,Question Type
code blocks w/o stack trace,42,Question Type
code blocks w/o stack trace,91,Question Type
code blocks w/o stack trace,87,Question Type
code blocks w/o stack trace,1,Question Type
code blocks w/o stack trace,45,Question Type
code blocks w/o stack trace,5,Question Type
code blocks w/o stack trace,14,Question Type
code blocks w/o stack trace,17,Question Type
code blocks w/o stack trace,9,Question Type
code blocks w/o stack trace,1,Question Type
code blocks w/o stack trace,26,Question Type
code blocks w/o stack trace,5,Question Type
code blocks w/o stack trace,8,Question Type
code blocks w/o stack trace,9,Question Type
code blocks w/o stack trace,33,Question Type
code blocks w/o stack trace,7,Question Type
code blocks w/o stack trace,4,Question Type
code blocks w/o stack trace,48,Question Type
code blocks w/o stack trace,75,Question Type
code blocks w/o stack trace,152,Question Type
code blocks w/o stack trace,9,Question Type
code blocks w/o stack trace,18,Question Type
code blocks w/o stack trace,14,Question Type
code blocks w/o stack trace,4,Question Type
code blocks w/o stack trace,17,Question Type
code blocks w/o stack trace,15,Question Type
code blocks w/o stack trace,68,Question Type
code blocks w/o stack trace,35,Question Type
code blocks w/o stack trace,19,Question Type
code blocks w/o stack trace,12,Question Type
code blocks w/o stack trace,37,Question Type
code blocks w/o stack trace,6,Question Type
code blocks w/o stack trace,12,Question Type
code blocks w/o stack trace,37,Question Type
code blocks w/o stack trace,14,Question Type
code blocks w/o stack trace,67,Question Type
code blocks w/o stack trace,16,Question Type
code blocks w/o stack trace,7,Question Type
code blocks w/o stack trace,28,Question Type
code blocks w/o stack trace,8,Question Type
code blocks w/o stack trace,70,Question Type
code blocks w/o stack trace,6,Question Type
code blocks w/o stack trace,17,Question Type
code blocks w/o stack trace,2,Question Type
code blocks w/o stack trace,9,Question Type
code blocks w/o stack trace,38,Question Type
code blocks w/o stack trace,22,Question Type
code blocks w/o stack trace,43,Question Type
code blocks w/o stack trace,28,Question Type
code blocks w/o stack trace,42,Question Type
code blocks w/o stack trace,26,Question Type
code blocks w/o stack trace,13,Question Type
code blocks w/o stack trace,44,Question Type
code blocks w/o stack trace,2,Question Type
code blocks w/o stack trace,7,Question Type
code blocks w/o stack trace,15,Question Type
code blocks w/o stack trace,19,Question Type
code blocks w/o stack trace,10,Question Type
code blocks w/o stack trace,1,Question Type
code blocks w/o stack trace,70,Question Type
code blocks w/o stack trace,47,Question Type
code blocks w/o stack trace,18,Question Type
code blocks w/o stack trace,10,Question Type
code blocks w/o stack trace,26,Question Type
code blocks w/o stack trace,17,Question Type
code blocks w/o stack trace,31,Question Type
code blocks w/o stack trace,30,Question Type
code blocks w/o stack trace,28,Question Type
code blocks w/o stack trace,34,Question Type
code blocks w/o stack trace,14,Question Type
code blocks w/o stack trace,27,Question Type
code blocks w/o stack trace,35,Question Type
code blocks w/o stack trace,28,Question Type
code blocks w/o stack trace,8,Question Type
code blocks w/o stack trace,53,Question Type
code blocks w/o stack trace,8,Question Type
code blocks w/o stack trace,17,Question Type
code blocks w/o stack trace,8,Question Type
code blocks w/o stack trace,3,Question Type
code blocks w/o stack trace,10,Question Type
code blocks w/o stack trace,7,Question Type
code blocks w/o stack trace,20,Question Type
code blocks w/o stack trace,4,Question Type
code blocks w/o stack trace,44,Question Type
code blocks w/o stack trace,9,Question Type
code blocks w/o stack trace,2,Question Type
code blocks w/o stack trace,20,Question Type
code blocks w/o stack trace,4,Question Type
code blocks w/o stack trace,42,Question Type
code blocks w/o stack trace,21,Question Type
code blocks w/o stack trace,17,Question Type
code blocks w/o stack trace,3,Question Type
code blocks w/o stack trace,19,Question Type
code blocks w/o stack trace,32,Question Type
code blocks w/o stack trace,16,Question Type
code blocks w/o stack trace,59,Question Type
code blocks w/o stack trace,13,Question Type
code blocks w/o stack trace,16,Question Type
code blocks w/o stack trace,35,Question Type
code blocks w/o stack trace,18,Question Type
code blocks w/o stack trace,25,Question Type
code blocks w/o stack trace,11,Question Type
code blocks w/o stack trace,14,Question Type
code blocks w/o stack trace,12,Question Type
code blocks w/o stack trace,5,Question Type
code blocks w/o stack trace,20,Question Type
code blocks w/o stack trace,13,Question Type
code blocks w/o stack trace,4,Question Type
code blocks w/o stack trace,33,Question Type
code blocks with stack trace,59,Question Type
code blocks with stack trace,138,Question Type
code blocks with stack trace,30,Question Type
code blocks with stack trace,20,Question Type
code blocks with stack trace,10,Question Type
code blocks with stack trace,27,Question Type
code blocks with stack trace,10,Question Type
code blocks with stack trace,160,Question Type
code blocks with stack trace,67,Question Type
code blocks with stack trace,29,Question Type
code blocks with stack trace,55,Question Type
code blocks with stack trace,55,Question Type
code blocks with stack trace,96,Question Type
code blocks with stack trace,5,Question Type
code blocks with stack trace,31,Question Type
code blocks with stack trace,91,Question Type
code blocks with stack trace,16,Question Type
code blocks with stack trace,20,Question Type
code blocks with stack trace,131,Question Type
